{"cameraMode":{"drawMode":0,"name":"Shaded","section":"Shading Mode"},"sceneLighting":true,"audioPlay":false,"sceneViewState":{"m_AlwaysRefresh":false,"showFog":true,"showSkybox":true,"showFlares":true,"showImageEffects":true,"showParticleSystems":true,"showVisualEffectGraphs":true,"m_FxEnabled":true},"in2DMode":false,"pivot":{"x":30.15250587463379,"y":9.051451683044434,"z":-63.44279098510742},"rotation":{"x":0.10359957069158554,"y":0.02268902212381363,"z":-0.0023463626857846977,"w":0.9943870306015015},"size":1.939544677734375,"orthographic":false}